WEO_Country_Group_Code,Year,BCA_NGDPD,GGR_NGDP,GGSB_NPGDP,GGXWDG_NGDP,GGX_NGDP,LUR,NGDP_RPCH,NGSD_NGDP,NID_NGDP,PCPIPCH,PPPPC,PPPSH,TM_RPCH,TX_RPCH
1,1980,,,,,,,2.228,23.746,26.601,17.282,,,1.53,4.708
1,1981,,,,,,,2.01,23.419,25.979,15.018,,,2.28,4.602
1,1982,,,,,,,0.747,22.113,24.582,14.283,,,-1.611,-1.495
1,1983,,,,,,,2.717,21.328,24.157,13.421,,,1.626,1.352
1,1984,,,,,,,4.632,22.572,25.127,13.958,,,8.788,8.398
1,1985,,,,,,,3.656,22.115,24.761,13.656,,,2.298,2.968
1,1986,,,,,,,3.377,22.08,24.59,11.742,,,5.471,3.738
1,1987,,,,,,,3.947,22.696,24.91,14.511,,,7.293,5.95
1,1988,,,,,,,4.524,23.842,25.821,19.093,,,8.91,8.964
1,1989,,,,,,,3.73,23.974,26.274,22.004,,,8.523,7.726
1,1990,,,,,,,3.226,23.804,25.827,25.419,,,6.676,7.113
1,1991,,,,,,,2.427,23.348,25.058,16.889,,,4.581,6.177
1,1992,,,,,,,2.18,22.543,24.268,39.33,,,5.261,5.537
1,1993,,,,,,,1.949,22.427,23.791,39.793,,,1.981,3.339
1,1994,,,,,,,3.154,22.606,24.172,30.844,,,10.211,8.71
1,1995,,,,,,,3.294,23.142,24.339,16.237,,,9.415,9.591
1,1996,,,,,,,3.858,23.848,24.219,9.526,,,7.07,6.063
1,1997,,,,,,,4.014,24.044,24.141,6.647,,,10.066,10.537
1,1998,,,,,,,2.645,23.736,23.838,6.297,,,5.192,4.485
1,1999,,,,,,,3.578,23.597,23.845,6.186,,,5.709,4.566
1,2000,,,,,,,4.77,24.101,24.31,4.97,,,12.562,12.46
1,2001,,,,,,,2.474,23.343,23.609,4.637,,,0.648,0.549
1,2002,,,,,,,2.787,22.742,22.949,3.715,,,3.861,3.899
1,2003,,,,,,,3.783,22.92,23.128,3.877,,,6.007,5.418
1,2004,,,,,,,5.254,23.815,23.822,3.784,,,10.727,10.954
1,2005,,,,,,,4.685,24.311,24.203,3.948,,,8.066,7.709
1,2006,,,,,,,5.266,25.384,24.766,3.939,,,9.204,9.617
1,2007,,,,,,,5.326,25.545,25.311,4.137,,,8.203,7.717
1,2008,,,,,,,2.895,25.097,25.307,6.278,,,3.041,2.827
1,2009,,,,,,,-0.379,23.232,23.255,2.626,,,-10.686,-9.82
1,2010,,,,,,,5.208,24.855,24.488,3.597,,,12.584,12.843
1,2011,,,,,,,4.048,25.737,25.24,4.934,,,7.096,6.648
1,2012,,,,,,,3.344,26.018,25.391,3.987,,,3.046,3.483
1,2013,,,,,,,3.358,25.981,25.441,3.521,,,3.521,3.538
1,2014,,,,,,,3.508,26.428,25.751,3.158,,,4.068,3.48
1,2015,,,,,,,3.431,26.195,25.791,2.704,,,2.726,3.137
1,2016,,,,,,,3.257,25.804,25.476,2.682,,,2.101,2.286
1,2017,,,,,,,3.837,26.445,25.966,3.236,,,5.659,5.427
1,2018,,,,,,,3.633,26.814,26.506,3.629,,,4.258,3.69
1,2019,,,,,,,2.913,26.833,26.47,3.503,,,1.123,1.247
1,2020,,,,,,,-2.687,26.646,26.374,3.262,,,-8.764,-8.195
1,2021,,,,,,,6.573,27.932,27.085,4.66,,,10.771,10.905
1,2022,,,,,,,3.551,27.929,27.431,8.627,,,6.08,5.243
1,2023,,,,,,,3.325,26.584,26.439,6.66,,,0.662,0.84
1,2024,,,,,,,3.232,26.398,26.22,5.757,,,3.009,3.247
110,1980,-1.078,,,,,5.59,1.32,23.491,26.496,13.674,10426.627,64.774,-0.936,6.052
110,1981,-0.657,,,,,6.331,1.83,23.419,25.775,11.121,11528.772,64.612,0.017,4.94
110,1982,-0.467,,,,,7.598,0.236,22.438,24.253,8.408,12181.924,64.407,-0.351,-0.953
110,1983,-0.374,,,,,7.918,3.177,21.644,23.955,6.074,12977.294,64.782,3.133,2.448
110,1984,-0.541,,,,,7.506,4.811,23.063,25.335,6.485,14006.45,64.952,11.326,9.814
110,1985,-0.561,,,,,7.353,3.686,22.574,24.846,5.474,14895.098,65.0,4.053,4.324
110,1986,-0.151,,,,,7.26,3.276,22.72,24.845,2.904,15599.5,64.995,7.619,3.83
110,1987,-0.298,,,,,6.89,3.788,23.089,25.215,3.178,16489.285,64.91,7.963,5.996
110,1988,-0.165,,,,,6.341,4.747,24.391,26.048,3.561,17762.954,65.112,9.433,8.761
110,1989,-0.342,,,,,5.885,3.981,24.291,26.331,4.748,19057.425,65.344,8.577,7.885
110,1990,-0.447,,,,,5.808,3.051,23.639,25.925,4.929,20197.075,64.825,5.959,7.013
110,1991,-0.167,,,,,6.45,1.618,23.449,24.992,4.746,21016.8,64.392,3.546,6.02
110,1992,-0.152,,,,,7.103,2.241,22.682,24.258,3.57,21661.478,59.323,4.744,5.262
110,1993,0.255,,,,,7.583,1.295,22.405,23.643,3.221,22175.319,59.122,0.757,2.655
110,1994,0.065,,,,,7.445,3.369,22.693,24.012,2.675,23250.995,59.397,11.184,8.765
110,1995,0.089,,,,,7.135,2.945,23.23,24.326,2.644,24115.937,59.471,9.263,9.223
110,1996,0.043,,,,,7.138,3.046,24.076,24.222,2.505,25140.537,59.039,6.914,6.264
110,1997,0.23,,,,,6.891,3.531,24.38,24.126,2.097,26307.055,58.732,9.327,10.929
110,1998,0.051,,,,,6.865,2.824,24.193,23.879,1.576,27178.218,58.81,5.983,4.153
110,1999,-0.371,,,,,6.633,3.626,23.736,23.966,1.399,28380.786,58.862,7.912,5.62
110,2000,-0.917,,,,,6.107,4.16,23.865,24.422,2.256,30040.28,58.331,12.148,12.029
110,2001,-0.895,35.388,-2.27,70.038,37.051,6.147,1.574,22.831,23.273,2.184,31012.453,57.867,-0.017,-0.246
110,2002,-0.844,34.241,-3.449,71.079,37.722,6.605,1.637,21.898,22.439,1.575,31801.682,57.242,2.937,2.635
110,2003,-0.775,34.476,-3.794,73.177,38.44,6.809,2.026,21.642,22.371,1.856,32879.334,56.345,4.298,3.17
110,2004,-0.626,34.821,-3.603,76.551,38.06,6.612,3.25,22.264,22.833,2.031,34646.429,55.326,9.081,9.557
110,2005,-1.101,35.519,-2.859,76.025,37.931,6.34,2.825,22.385,23.328,2.333,36506.458,54.381,6.772,6.293
110,2006,-1.229,36.177,-2.352,73.296,37.559,5.888,3.079,23.085,23.765,2.363,38541.561,53.297,7.884,8.871
110,2007,-0.998,36.58,-2.676,70.965,37.84,5.495,2.751,22.662,23.705,2.195,40395.749,52.054,5.362,6.762
110,2008,-1.352,36.202,-4.161,77.64,39.699,5.885,0.313,21.252,23.04,3.45,41017.761,50.799,0.371,2.008
110,2009,-0.209,34.841,-5.92,90.832,43.46,8.09,-3.368,19.313,19.972,0.189,39634.38,49.402,-11.335,-10.953
110,2010,0.03,34.604,-6.692,97.187,42.216,8.357,3.112,20.719,20.819,1.552,41135.103,48.446,11.573,12.097
110,2011,-0.101,35.195,-5.641,101.137,41.403,8.027,1.762,21.35,21.394,2.707,42479.04,47.496,5.331,6.222
110,2012,0.002,35.31,-4.435,105.363,40.785,8.085,1.164,21.651,21.351,2.006,43554.404,46.55,1.715,2.968
110,2013,0.463,36.489,-3.188,103.78,40.184,7.984,1.493,21.741,21.256,1.382,44754.763,45.738,2.456,3.024
110,2014,0.483,36.521,-2.599,103.257,39.603,7.335,2.103,22.372,21.626,1.353,46269.49,45.145,3.938,3.789
110,2015,0.594,36.104,-2.271,102.819,38.686,6.728,2.397,22.639,21.852,0.305,47558.775,44.723,4.789,3.81
110,2016,0.783,35.915,-2.46,105.214,38.562,6.26,1.829,22.372,21.702,0.747,48633.947,44.146,2.49,2.017
110,2017,0.953,35.773,-2.517,102.831,38.232,5.679,2.582,22.954,22.134,1.707,50567.752,43.639,4.856,4.966
110,2018,0.741,35.86,-2.573,102.378,38.29,5.136,2.276,23.064,22.451,1.959,52638.22,42.881,3.807,3.432
110,2019,0.741,35.605,-3.256,103.443,38.585,4.832,1.864,23.27,22.652,1.399,55079.351,42.512,2.031,1.436
110,2020,0.264,36.0,-7.063,121.843,46.184,6.615,-3.973,22.578,22.432,0.68,54121.158,42.029,-8.351,-8.939
110,2021,0.795,36.872,-6.411,115.403,43.963,5.618,5.968,23.54,22.742,3.1,59750.501,41.559,10.07,9.67
110,2022,-0.403,37.062,-4.517,109.898,40.109,4.5,2.919,23.176,23.438,7.31,65597.989,41.337,7.189,5.656
110,2023,0.224,35.332,-5.122,108.69,40.037,4.435,1.733,22.422,22.598,4.625,68728.352,40.709,-0.721,0.964
110,2024,0.351,35.622,-5.083,109.413,40.597,4.638,1.776,22.278,22.228,2.613,71287.805,40.169,2.09,2.452
119,1980,-0.676,,,,,5.625,0.927,23.358,26.279,12.451,11243.209,51.978,-2.208,6.401
119,1981,-0.256,,,,,6.372,1.812,23.525,25.747,10.344,12444.553,51.845,0.08,5.156
119,1982,-0.133,,,,,7.777,-0.057,22.398,24.035,7.354,13124.281,51.532,-0.747,-1.501
119,1983,-0.232,,,,,7.938,3.327,21.382,23.857,4.844,14014.689,51.918,4.266,1.524
119,1984,-0.736,,,,,7.281,4.975,22.753,25.429,4.643,15160.77,52.141,13.561,9.854
119,1985,-0.752,,,,,7.128,3.773,22.209,24.883,3.928,16142.423,52.225,4.245,4.633
119,1986,-0.356,,,,,7.07,3.078,22.227,24.858,2.09,16879.46,52.13,6.299,1.802
119,1987,-0.56,,,,,6.727,3.49,22.565,25.228,2.764,17801.924,51.93,6.986,4.396
119,1988,-0.369,,,,,6.143,4.678,23.798,25.935,3.204,19170.902,52.065,8.278,8.246
119,1989,-0.428,,,,,5.73,3.807,23.613,26.08,4.446,20534.851,52.167,8.16,8.983
119,1990,-0.468,,,,,5.689,2.785,22.914,25.585,4.447,21702.847,51.625,5.489,7.518
119,1991,-0.176,,,,,6.32,1.259,22.971,24.718,4.362,22511.398,51.11,2.429,6.044
119,1992,-0.19,,,,,6.932,2.139,22.215,24.041,3.219,23330.896,46.846,4.108,4.55
119,1993,0.07,,,,,7.094,1.141,21.777,23.452,2.866,23969.143,46.507,-0.09,1.43
119,1994,-0.104,,,,,6.892,3.047,21.971,23.732,2.214,25058.485,46.584,11.183,7.841
119,1995,-0.067,,,,,6.625,2.508,22.373,23.937,2.29,26059.282,46.071,7.842,8.489
119,1996,-0.078,,,,,6.655,2.761,23.464,23.8,2.198,27097.793,45.615,6.603,5.798
119,1997,0.051,,,,,6.437,3.233,23.697,23.644,1.945,28273.835,45.247,9.498,11.402
119,1998,-0.298,,,,,6.265,2.896,23.601,23.577,1.244,29232.436,45.348,7.656,3.804
119,1999,-0.787,,,,,6.064,3.216,23.015,23.62,1.374,30410.47,45.215,8.274,4.218
119,2000,-1.381,,,,,5.658,3.811,23.102,24.027,2.128,32086.58,44.659,11.655,11.094
119,2001,-1.393,35.06,-2.52,74.855,37.063,5.885,1.265,22.02,22.867,1.935,33019.874,44.149,0.086,-1.032
119,2002,-1.415,33.705,-3.943,76.598,37.84,6.452,1.135,20.9,21.95,1.309,33709.967,43.465,1.964,1.355
119,2003,-1.491,33.787,-4.435,79.686,38.504,6.628,1.864,20.35,21.766,1.762,34808.757,42.718,3.62,1.891
119,2004,-1.302,34.143,-4.207,84.887,38.106,6.374,2.882,20.949,22.154,1.986,36559.696,41.801,8.072,8.513
119,2005,-1.711,34.93,-3.524,84.882,38.184,6.17,2.563,21.086,22.604,2.328,38437.73,40.985,6.277,6.015
119,2006,-1.873,35.696,-2.915,82.388,37.906,5.776,2.601,21.753,22.931,2.339,40422.588,39.987,7.546,9.351
119,2007,-1.331,36.095,-3.341,80.697,38.329,5.426,2.075,21.208,22.59,2.167,42130.944,38.805,3.39,5.939
119,2008,-1.607,35.672,-4.675,88.576,40.178,5.864,-0.048,19.679,21.879,3.2,42672.565,37.738,-0.737,1.561
119,2009,-0.642,34.274,-6.393,103.449,44.102,7.995,-3.716,17.685,18.937,-0.068,41117.259,36.574,-11.491,-13.067
119,2010,-0.686,34.113,-7.621,111.571,42.903,8.121,2.884,18.921,19.84,1.385,42602.287,35.802,11.618,12.569
119,2011,-0.772,34.753,-6.5,116.468,42.116,7.625,1.652,19.769,20.486,2.604,43964.319,35.07,4.888,5.985
119,2012,-0.898,34.849,-5.227,120.574,41.298,7.359,1.342,20.122,20.603,1.921,45171.018,34.438,1.391,2.608
119,2013,-0.65,36.307,-3.701,118.177,40.647,7.08,1.539,20.102,20.701,1.333,46427.515,33.855,1.778,1.661
119,2014,-0.649,36.503,-3.041,116.991,40.118,6.364,1.969,20.847,21.123,1.51,47927.054,33.374,4.787,4.186
119,2015,-0.481,36.285,-2.628,116.016,39.305,5.796,2.177,21.053,21.31,0.31,49166.783,33.003,4.352,2.855
119,2016,-0.168,35.982,-2.993,119.119,39.308,5.446,1.583,20.729,21.058,0.784,50160.183,32.5,2.128,1.504
119,2017,0.051,35.786,-3.211,116.985,39.144,4.978,2.357,21.293,21.453,1.759,52051.217,32.058,4.445,4.82
119,2018,-0.17,35.806,-3.322,116.835,39.172,4.535,2.091,21.487,21.822,2.089,54107.157,31.443,3.9,3.013
119,2019,0.054,35.553,-3.897,117.767,39.355,4.273,1.748,21.8,21.902,1.481,56493.088,31.081,1.612,1.131
119,2020,-0.745,36.064,-8.069,139.27,47.667,6.486,-4.216,20.697,21.645,0.792,55363.026,30.653,-10.088,-12.341
119,2021,-0.736,36.946,-7.673,132.166,45.591,5.214,5.787,21.25,22.017,3.334,60733.158,30.133,10.579,8.297
119,2022,-1.998,37.148,-5.305,125.342,41.056,4.073,2.614,20.981,22.83,7.331,66539.664,29.888,9.01,6.785
119,2023,-1.245,34.991,-6.146,123.386,40.903,4.059,1.857,20.319,22.103,4.696,69901.304,29.482,-0.864,1.703
119,2024,-1.167,35.329,-6.013,124.317,41.512,4.301,1.734,20.307,21.859,2.62,72520.464,29.079,1.586,1.28
123,1980,,,,,,4.177,3.644,25.913,28.654,25.571,6759.027,5.746,,
123,1981,,,,,,4.18,4.159,24.885,27.537,15.878,7597.304,5.86,2.449,4.791
123,1982,,,,,,4.58,2.189,24.103,26.794,13.058,8125.406,5.953,0.213,-0.447
123,1983,,,,,,5.269,3.962,24.73,25.888,11.776,8657.962,6.024,-0.153,4.251
123,1984,0.429,,,,,4.966,6.548,27.075,26.718,18.109,9450.204,6.139,8.051,10.847
123,1985,0.699,,,,,4.704,4.363,27.108,26.486,15.905,10073.349,6.182,2.648,4.014
123,1986,0.893,,,,,4.339,5.487,27.944,26.729,5.938,10725.537,6.306,14.322,13.216
123,1987,1.615,,,,,3.864,6.487,28.736,27.061,5.305,11564.922,6.452,11.05,13.382
123,1988,1.415,,,,,3.523,5.472,30.297,28.436,5.659,12474.492,6.508,13.83,11.589
123,1989,0.551,,,,,3.53,4.612,30.233,29.038,6.121,13410.978,6.568,8.269,4.148
123,1990,0.255,,,,,3.712,4.364,29.613,28.891,7.05,14343.888,6.594,7.454,6.347
123,1991,0.652,,,,,4.447,3.745,28.318,27.727,6.258,15163.674,6.678,6.465,7.327
123,1992,0.765,,,,,5.063,3.913,27.8,27.056,3.945,15925.564,6.223,7.545,8.089
123,1993,1.393,,,,,5.611,4.195,28.547,27.075,3.669,16792.628,6.36,5.141,5.822
123,1994,0.742,,,,,5.01,6.159,29.118,28.147,3.88,18000.63,6.559,12.724,10.629
123,1995,0.198,31.171,,,32.907,4.522,5.324,29.632,28.864,3.972,18873.822,7.082,13.627,12.608
123,1996,0.353,31.606,,,32.27,4.675,4.842,29.207,28.454,3.63,19934.124,7.151,7.72,7.553
123,1997,0.986,31.342,-1.167,,31.212,4.874,4.593,29.681,28.308,2.833,21015.717,7.188,7.767,9.084
123,1998,2.943,33.283,-1.186,,33.827,6.194,0.976,29.403,26.219,3.145,21250.789,7.061,-2.417,2.186
123,1999,2.819,32.934,-0.538,,32.419,6.082,5.558,29.288,26.311,0.909,22559.392,7.194,6.765,7.83
123,2000,2.947,34.051,-0.348,34.813,32.265,5.083,5.915,30.126,27.113,2.141,24216.983,7.251,14.551,14.328
123,2001,3.48,32.384,-0.82,35.528,32.0,5.2,2.159,29.161,25.42,2.515,25135.198,7.26,-3.535,-1.316
123,2002,3.375,31.907,-0.936,35.799,32.084,5.202,3.943,28.539,25.018,1.693,26347.373,7.341,5.811,5.507
123,2003,4.264,33.108,-0.539,36.562,33.228,5.449,2.722,29.298,25.087,1.663,27436.446,7.275,7.194,7.595
123,2004,4.105,33.202,-0.726,34.812,32.606,5.293,5.207,29.99,25.861,1.937,29456.075,7.277,13.574,13.855
123,2005,3.822,33.481,0.097,33.795,31.561,5.074,4.157,30.391,26.365,2.104,31446.809,7.245,8.634,8.177
123,2006,4.221,33.521,0.287,33.0,30.854,4.637,4.845,31.306,26.906,2.116,33700.516,7.221,8.707,9.121
123,2007,3.431,33.996,0.766,31.162,30.544,4.156,5.153,31.031,27.534,2.048,36075.71,7.216,8.735,8.4
123,2008,2.836,34.176,-0.635,32.618,32.147,3.983,1.816,30.499,27.428,4.346,37035.523,7.147,4.514,4.259
123,2009,3.92,32.861,-1.982,35.339,34.044,5.275,-0.845,29.011,24.815,1.404,36593.148,7.131,-9.452,-6.78
123,2010,4.697,31.979,-1.93,35.467,32.403,5.152,5.964,31.061,25.868,2.238,38907.576,7.18,15.36,13.502
123,2011,3.863,32.563,-1.644,36.479,32.355,4.664,3.446,30.522,26.451,2.976,40718.36,7.155,7.942,6.973
123,2012,3.964,32.593,-1.477,38.001,32.349,4.604,2.246,30.282,26.313,2.027,42046.9,7.088,4.223,4.646
123,2013,4.721,32.444,-1.591,38.979,32.294,4.581,2.6,30.316,25.558,1.53,43542.532,7.04,4.328,5.006
123,2014,4.84,31.795,-1.306,40.232,31.624,4.588,2.971,30.503,25.655,1.402,45250.196,7.008,1.342,2.232
123,2015,5.281,30.959,-1.098,41.162,30.983,4.464,2.357,30.73,25.185,0.57,46347.624,6.938,2.113,2.204
123,2016,4.846,31.376,-0.559,41.587,30.89,4.349,2.688,30.348,25.294,0.948,47654.537,6.906,2.19,1.862
123,2017,4.527,31.655,-0.101,41.12,30.481,4.151,3.169,30.642,25.813,1.47,49717.773,6.865,5.504,4.251
123,2018,4.323,31.808,-0.039,40.814,30.669,3.973,2.801,30.256,25.846,1.551,51931.977,6.789,3.842,3.985
123,2019,4.559,31.564,-1.32,42.752,31.696,3.929,2.038,30.105,25.468,1.082,53932.81,6.7,-0.821,0.206
123,2020,5.088,31.431,-4.425,49.579,36.126,4.628,-1.599,31.294,25.871,0.477,54481.539,6.8,-6.029,-4.794
123,2021,6.841,32.636,-2.578,49.156,33.73,4.308,5.909,33.306,26.21,2.365,61298.302,6.842,10.63,10.766
123,2022,6.793,33.256,-1.988,48.082,32.55,3.429,2.693,33.32,26.272,5.655,66860.692,6.788,3.171,1.78
123,2023,6.057,32.111,-1.846,49.318,32.221,3.343,1.839,31.885,25.649,4.291,69737.653,6.681,0.225,1.384
123,2024,6.104,32.033,-2.055,49.842,32.484,3.597,2.123,31.204,25.056,2.445,72479.87,6.614,3.827,4.716
163,1980,,,,,,,,,,,,,2.767,3.659
163,1981,,,,,,,,,,,,,-1.993,6.229
163,1982,,,,,,,,,,,,,0.805,0.962
163,1983,,,,,,,,,,,,,0.326,3.046
163,1984,,,,,,,,,,,,,5.533,8.111
163,1985,,,,,,,,,,,,,4.568,4.345
163,1986,,,,,,,,,,,,,5.362,0.495
163,1987,,,,,,,,,,,,,8.01,3.051
163,1988,,,,,,,,,,,,,7.731,6.82
163,1989,,,,,,,,,,,,,9.446,9.142
163,1990,,,,,,,,,,,,,7.641,7.131
163,1991,,44.988,,,50.084,8.21,,22.878,26.06,,,,6.514,6.928
163,1992,,46.113,,,51.255,9.11,1.386,22.263,24.494,3.632,,,3.389,3.439
163,1993,,46.869,,,52.731,9.958,-0.786,21.874,22.312,3.239,,,-5.06,0.447
163,1994,,46.566,,,51.624,10.617,2.498,22.182,23.343,2.72,,,8.667,9.071
163,1995,,45.778,-3.872,71.489,53.109,10.65,2.896,22.581,22.276,2.446,,,8.274,8.414
163,1996,,46.166,-2.761,73.5,50.543,10.8,1.698,22.328,21.62,1.978,,,4.361,5.065
163,1997,0.817,46.212,-2.37,72.969,49.289,10.8,2.692,23.011,21.715,1.569,,,9.514,11.505
163,1998,0.322,45.97,-2.095,72.594,48.458,10.483,2.979,23.233,22.478,1.102,,,10.296,7.138
163,1999,-0.505,46.45,-1.408,71.488,48.035,9.792,2.985,23.238,22.723,1.101,,,7.304,5.295
163,2000,-1.444,45.93,-2.937,69.056,47.27,9.058,3.847,22.669,23.268,2.102,,,11.915,13.103
163,2001,-0.357,45.256,-2.617,68.063,47.268,8.525,2.14,22.698,22.759,2.343,,,2.737,4.219
163,2002,0.601,44.839,-3.015,67.981,47.611,8.758,0.899,22.365,21.696,2.251,,,1.131,2.586
163,2003,0.243,44.761,-2.951,69.243,47.924,9.192,0.736,22.055,21.617,2.081,,,2.982,0.871
163,2004,0.702,44.44,-2.904,69.55,47.333,9.4,2.287,23.013,21.816,2.145,,,6.367,7.624
163,2005,0.105,44.602,-2.55,70.175,47.26,9.233,1.758,22.623,22.086,2.179,,,5.991,5.161
163,2006,-0.164,44.997,-2.217,68.157,46.586,8.5,3.302,23.585,23.088,2.182,,,8.537,8.531
163,2007,0.04,45.151,-2.167,65.793,45.902,7.65,3.003,24.156,23.822,2.135,,,6.807,6.879
163,2008,-1.82,44.911,-3.274,69.458,47.164,7.683,0.433,22.806,23.319,3.273,,,-0.435,0.154
163,2009,-0.3,44.935,-4.475,79.928,51.197,9.65,-4.464,20.705,20.097,0.291,,,-11.654,-12.333
163,2010,-0.319,44.759,-4.531,85.325,51.082,10.267,2.132,21.392,20.675,1.621,,,9.074,10.482
163,2011,-0.348,45.378,-3.548,87.175,49.631,10.308,1.723,22.167,21.252,2.714,,,4.251,6.509
163,2012,0.973,46.465,-1.861,90.631,50.27,11.5,-0.888,21.713,19.747,2.498,,,-1.228,2.246
163,2013,2.055,47.129,-1.05,92.624,50.171,12.142,-0.173,22.192,19.385,1.351,,,1.561,2.43
163,2014,2.289,47.076,-0.663,92.785,49.629,11.725,1.412,22.81,19.72,0.432,,,4.351,4.217
163,2015,2.617,46.684,-0.487,90.878,48.658,10.967,2.085,23.53,20.092,0.193,,,7.556,6.388
163,2016,2.975,46.496,-0.483,89.78,47.981,10.108,1.839,24.001,20.332,0.235,,,3.889,2.756
163,2017,3.121,46.45,-0.532,87.493,47.46,9.125,2.614,24.43,20.895,1.538,,,5.043,5.583
163,2018,2.807,46.647,-0.233,85.566,47.1,8.225,1.753,24.943,21.482,1.755,,,3.803,3.286
163,2019,2.369,46.518,-0.377,83.595,47.072,7.583,1.613,25.482,22.326,1.196,,,4.534,2.826
163,2020,1.659,46.662,-3.912,96.587,53.682,7.967,-6.088,24.48,21.946,0.252,,,-8.431,-9.178
163,2021,2.47,47.068,-3.895,93.985,52.192,7.758,6.214,26.531,22.686,2.588,,,8.91,11.221
163,2022,-0.313,46.779,-3.412,89.862,50.267,6.758,3.316,25.411,23.466,8.384,,,8.009,6.951
163,2023,1.584,46.219,-3.473,87.817,49.81,6.567,0.391,25.525,21.875,5.422,,,-0.733,-0.233
163,2024,2.558,46.381,-2.925,88.118,49.48,6.504,0.831,24.991,20.587,2.353,,,0.172,1.578
200,1980,0.585,,,,,,3.879,24.565,26.96,26.622,1503.054,35.226,,-0.545
200,1981,-0.827,,,,,,2.34,23.42,26.638,23.511,1643.573,35.388,,3.321
200,1982,-1.908,,,,,,1.673,21.056,25.71,27.121,1728.478,35.593,,-3.441
200,1983,-1.694,,,,,,1.869,20.267,24.871,30.114,1785.446,35.218,,-2.7
200,1984,-0.857,,,,,,4.3,20.852,24.386,32.358,1885.083,35.048,-1.282,2.715
200,1985,-0.458,,,,,,3.599,20.446,24.448,33.289,1971.825,35.0,-5.311,-2.693
200,1986,-1.927,,,,,,3.563,19.319,23.472,31.783,2034.654,35.005,-4.96,3.308
200,1987,-0.795,,,,,,4.242,20.91,23.504,40.801,2122.124,35.09,3.43,5.657
200,1988,,,,,,,4.108,21.285,24.748,57.353,2236.894,34.888,5.735,10.266
200,1989,,,,,,,3.256,22.565,26.018,65.532,2343.129,34.656,8.183,6.653
200,1990,,,,,,,3.556,24.537,25.391,78.854,2441.708,35.175,11.06,7.757
200,1991,,,,,,,3.89,22.842,25.385,44.717,2567.322,35.608,10.665,7.091
200,1992,,,,,,,2.089,21.827,24.321,122.103,3063.204,40.677,7.971,7.127
200,1993,,,,,,,2.893,22.527,24.467,122.767,3163.903,40.878,7.627,6.87
200,1994,,,,,,,2.84,22.209,24.9,90.902,3245.861,40.603,6.18,8.445
200,1995,,,,,,,3.802,22.759,24.396,40.907,3374.816,40.529,10.07,11.386
200,1996,,,,,,,5.029,22.949,24.207,21.094,3542.648,40.961,7.723,5.134
200,1997,-1.074,,,,,,4.703,22.825,24.195,13.83,3709.36,41.268,13.015,8.849
200,1998,-1.551,,,,,,2.387,22.013,23.686,13.8,3741.322,41.19,2.494,5.694
200,1999,-0.136,,,,,,3.511,23.022,23.35,13.782,3869.15,41.138,-2.245,0.478
200,2000,1.287,21.822,,46.976,23.093,,5.631,24.999,23.882,9.117,4115.842,41.669,14.176,14.106
200,2001,0.715,22.75,,47.978,25.618,,3.711,25.263,24.879,8.287,4298.13,42.133,3.113,3.215
200,2002,1.273,22.887,,51.068,26.244,,4.328,26.059,24.966,6.79,4473.099,42.758,7.141,8.056
200,2003,1.985,23.344,,49.226,26.014,,6.05,27.917,26.108,6.659,4767.393,43.655,11.859,12.499
200,2004,2.404,24.35,,46.331,25.419,,7.737,29.47,27.471,6.098,5194.855,44.674,16.153,15.118
200,2005,3.929,26.109,,41.468,25.644,,6.903,30.5,27.047,5.989,5645.544,45.619,12.069,11.643
200,2006,4.75,26.818,,36.959,25.9,,7.763,31.946,27.662,5.843,6181.18,46.703,13.002,11.443
200,2007,3.721,26.803,,35.559,26.236,,8.122,32.84,29.431,6.376,6763.834,47.946,15.931,9.881
200,2008,3.413,28.869,,33.408,28.234,,5.561,33.647,30.428,9.401,7172.7,49.201,9.635,4.603
200,2009,1.315,26.112,,38.466,29.929,,2.539,31.828,30.57,5.153,7275.057,50.598,-9.23,-7.571
200,2010,1.264,26.662,,37.379,28.945,,7.178,32.737,31.591,5.629,7779.851,51.554,14.743,14.355
200,2011,1.354,28.173,,36.652,29.111,,6.118,33.344,32.031,7.069,8301.468,52.504,10.621,7.444
200,2012,1.189,28.646,,36.668,29.584,,5.242,33.147,32.103,5.806,8741.752,53.45,5.574,4.387
200,2013,0.571,28.117,,37.909,29.796,,4.931,32.562,32.058,5.42,9192.972,54.262,5.425,4.4
200,2014,0.491,27.525,,39.775,29.896,,4.665,32.665,32.218,4.712,9643.749,54.855,4.295,2.961
200,2015,-0.294,26.662,,43.626,30.689,,4.267,31.701,31.996,4.738,10000.875,55.277,-0.892,1.981
200,2016,-0.372,26.276,,49.026,30.632,,4.385,31.257,31.575,4.274,10382.081,55.854,1.406,2.769
200,2017,-0.075,26.571,,51.193,30.352,,4.808,31.735,31.863,4.444,10920.573,56.361,7.139,6.288
200,2018,-0.151,27.096,,52.481,30.564,,4.652,32.453,32.701,4.906,11634.11,57.119,5.064,4.154
200,2019,,26.574,,54.9,30.962,,3.688,32.132,32.235,5.094,12263.461,57.488,-0.474,0.915
200,2020,0.431,24.731,,64.541,33.229,,-1.755,32.836,32.448,5.18,12207.968,57.971,-9.492,-6.889
200,2021,0.967,25.836,,63.863,30.844,,7.003,34.293,33.457,5.794,13619.964,58.441,12.028,13.061
200,2022,1.658,26.086,,64.116,30.972,,3.996,34.513,33.051,9.585,15016.841,58.663,4.197,4.565
200,2023,0.64,26.17,,68.507,31.469,,4.418,32.54,32.016,8.091,16076.478,59.291,3.029,0.646
200,2024,0.382,26.389,,69.94,31.989,,4.21,32.29,32.012,7.927,17062.135,59.831,4.561,4.55
205,1980,-3.347,,,,,,6.301,20.815,23.76,49.862,4742.475,12.304,,
205,1981,-4.841,,,,,,1.435,19.358,23.911,51.505,5123.759,12.185,,
205,1982,-4.912,,,,,,-0.425,17.09,22.121,63.379,5295.889,12.062,,
205,1983,0.04,,,,,,-3.03,16.888,17.897,92.646,5214.413,11.39,,6.532
205,1984,0.797,,,,,,3.874,17.521,18.31,97.291,5494.473,11.321,,6.6
205,1985,0.278,,,,,,2.838,18.767,19.231,113.301,5710.923,11.216,-0.263,0.069
205,1986,-1.941,,,,,,3.809,16.726,18.229,93.626,5917.596,11.25,1.736,-0.616
205,1987,-0.682,,,,,,3.334,19.903,20.476,134.502,6143.56,11.186,4.709,4.18
205,1988,-1.046,,,,,,1.038,20.022,20.801,235.017,6298.619,10.813,10.863,10.299
205,1989,-0.651,,,,,,0.913,20.975,20.716,295.646,6459.169,10.494,3.515,5.429
205,1990,-0.341,,,,,,0.898,18.371,18.423,416.522,6592.137,10.177,9.805,4.061
205,1991,-1.9,,,,,,3.961,17.084,19.109,130.872,6947.084,10.338,14.381,3.024
205,1992,-3.334,,,,,,3.588,16.194,19.571,174.404,7219.238,9.599,16.852,7.061
205,1993,-3.616,,,,,,4.054,17.127,21.084,243.803,7552.825,9.804,14.568,7.721
205,1994,-3.647,,,,,,4.572,17.957,22.593,249.318,7870.803,9.96,14.992,10.963
205,1995,-2.002,,,,,,1.125,16.989,18.994,40.181,7971.644,9.694,2.878,15.869
205,1996,-1.884,,,,,,3.75,16.61,18.851,21.132,8243.94,9.687,8.489,8.289
205,1997,-2.981,,,,,,5.564,16.912,20.065,12.824,8710.776,9.824,21.535,9.674
205,1998,-3.991,,,,,,2.953,16.701,20.833,9.779,8923.018,9.849,9.635,6.826
205,1999,-2.763,,,,,,0.193,16.608,19.435,9.965,8925.498,9.528,-4.154,4.512
205,2000,-2.203,,,44.554,,,3.648,17.731,19.976,8.905,9297.289,9.393,13.356,10.679
205,2001,-2.461,23.754,,46.414,26.91,,0.509,16.899,19.276,6.925,9419.442,9.212,0.902,2.783
205,2002,-0.818,24.841,,56.73,27.537,,0.147,18.207,18.982,6.379,9431.475,8.961,-4.618,2.446
205,2003,0.61,25.086,,57.341,27.789,,2.05,19.28,18.697,8.993,9678.171,8.814,2.484,3.029
205,2004,1.02,26.057,,53.402,27.179,,5.993,20.868,19.962,6.062,10392.353,8.878,12.372,9.082
205,2005,1.289,27.822,,49.305,28.841,,4.393,21.007,19.842,5.361,11045.008,8.855,9.867,7.696
205,2006,1.57,28.485,,46.618,30.173,,5.586,22.133,20.749,4.198,11872.046,8.888,11.395,6.035
205,2007,0.205,29.186,,45.341,30.251,,5.529,22.256,22.102,4.227,12704.756,8.912,13.468,3.156
205,2008,-0.963,30.856,,45.35,31.965,,3.851,22.193,23.274,6.469,13280.594,9.002,8.386,-0.005
205,2009,-0.857,29.074,,48.328,33.04,,-2.335,19.761,20.607,4.555,12881.366,8.842,-15.081,-9.282
205,2010,-2.094,29.502,,47.423,32.633,,6.079,19.963,22.069,4.198,13657.067,8.918,21.538,10.643
205,2011,-2.112,30.62,,47.511,33.308,,4.593,20.409,22.552,5.121,14415.999,8.988,10.333,6.471
205,2012,-2.616,30.561,,47.649,33.305,,2.962,19.684,22.329,4.571,14946.142,8.965,4.263,3.387
205,2013,-2.956,30.057,,48.842,33.394,,2.812,19.499,22.495,4.53,15457.153,8.922,3.82,1.654
205,2014,-3.267,29.239,,50.77,34.08,,1.295,18.167,21.467,4.836,15753.447,8.733,0.546,1.664
205,2015,-3.529,29.299,,56.643,35.188,,0.361,17.031,20.541,5.318,15773.39,8.473,-1.691,3.76
205,2016,-2.196,29.447,,60.292,34.773,,-0.763,17.174,19.315,5.433,15613.57,8.132,-2.912,2.333
205,2017,-1.787,29.116,,62.577,34.218,,1.387,17.018,18.793,6.287,15944.706,7.934,5.089,3.475
205,2018,-2.706,29.011,,66.33,33.968,,1.134,16.391,19.108,6.658,16514.673,7.785,4.246,3.628
205,2019,-2.059,29.32,,67.285,33.024,,0.162,16.741,18.812,7.641,16761.279,7.522,-1.339,0.615
205,2020,-0.211,27.342,,76.182,35.453,,-6.85,17.845,18.056,6.467,15992.333,7.261,-12.148,-9.632
205,2021,-1.795,28.808,,70.475,32.665,,7.402,18.608,20.471,9.923,17951.788,7.345,18.19,7.935
205,2022,-2.15,30.186,,67.967,33.766,,4.183,18.104,20.376,14.22,19900.35,7.392,6.976,7.995
205,2023,-1.058,29.376,,73.942,34.465,,2.229,18.559,19.663,14.778,20920.535,7.315,1.001,-0.524
205,2024,-0.901,29.517,,69.391,34.332,,2.057,18.715,19.649,16.752,21684.477,7.232,0.644,2.575
400,1980,11.755,,,,,,-0.78,35.706,28.558,11.895,3960.446,7.548,6.666,-8.015
400,1981,9.989,,,,,,1.038,34.012,26.689,11.187,4220.925,7.62,16.893,9.038
400,1982,4.07,,,,,,1.455,25.02,26.843,9.605,4323.12,7.527,1.757,-8.253
400,1983,-1.792,,,,,,1.921,22.247,30.65,8.982,4400.246,7.421,1.261,-14.863
400,1984,-1.578,,,,,,1.042,23.177,27.685,7.725,4425.275,7.126,-5.035,-6.724
400,1985,-0.398,,,,,,2.148,17.562,23.506,7.102,4505.319,6.993,-10.928,-8.776
400,1986,-2.749,,,,,,-1.144,15.688,22.261,12.915,4371.015,6.654,-15.664,7.618
400,1987,-1.16,,,,,,1.121,16.631,19.543,17.649,4388.897,6.459,-5.998,3.599
400,1988,-1.295,,,,,,1.793,15.675,20.557,13.173,4488.461,6.261,-5.294,9.297
400,1989,-0.538,,,,,,3.955,19.242,24.812,10.993,4665.115,6.238,9.208,5.593
400,1990,0.227,,,,,,6.849,28.339,28.001,7.446,4930.418,6.485,10.411,19.35
400,1991,-8.304,,,,,,6.733,27.108,30.587,14.593,5310.788,6.729,17.496,9.734
400,1992,-4.73,,,,,,4.668,21.443,24.84,18.654,5200.049,7.064,0.727,4.111
400,1993,-4.03,,,,,,0.458,19.268,23.486,42.428,5281.764,6.935,-2.894,6.095
400,1994,-1.973,,,,,,1.561,19.076,22.058,41.485,5350.152,6.843,-12.41,1.226
400,1995,-1.251,,,,,,1.912,22.106,22.187,27.505,5460.603,6.711,1.992,2.443
400,1996,0.467,,,,,,4.712,23.888,22.884,14.158,5707.936,6.768,8.118,1.856
400,1997,0.388,,,,,,3.295,23.553,22.529,8.876,5872.798,6.71,8.827,5.949
400,1998,-3.783,,,,,,3.822,21.095,24.514,6.766,6048.772,6.784,-0.645,0.924
400,1999,0.624,23.63,,55.882,24.354,,2.563,24.426,23.721,5.757,6171.125,6.719,1.19,1.688
400,2000,5.863,28.464,,,23.087,,5.456,30.64,24.611,3.912,6530.619,7.058,7.817,10.95
400,2001,3.614,25.523,,,25.065,,3.35,29.669,27.259,3.961,6767.883,7.115,7.5,2.582
400,2002,3.204,25.419,,59.006,27.043,,3.286,28.085,25.414,5.045,6763.837,7.183,8.375,3.1
400,2003,4.938,26.609,,53.154,25.615,,6.036,31.344,26.34,5.232,7063.363,7.294,9.666,13.184
400,2004,6.713,29.131,,53.421,26.339,,8.352,32.326,26.56,6.117,7658.687,7.48,14.018,11.832
400,2005,12.312,32.968,,41.347,25.174,,5.922,36.729,25.507,6.905,8187.234,7.569,13.523,9.735
400,2006,13.516,33.552,,32.666,25.028,,6.381,38.574,25.962,7.766,8761.455,7.643,11.013,6.105
400,2007,10.6,31.549,,28.088,25.194,,6.034,38.96,28.93,10.021,9319.832,7.696,19.575,7.694
400,2008,11.69,36.524,,24.072,27.704,,4.864,40.47,29.413,12.439,9717.39,7.845,14.573,3.912
400,2009,1.74,28.675,,29.877,31.328,,1.659,32.132,30.759,7.137,9710.615,8.015,-4.23,-5.239
400,2010,6.16,30.072,,27.017,29.012,,5.209,34.868,29.184,6.847,10110.564,8.017,-1.272,6.04
400,2011,11.647,31.878,,24.898,28.299,,4.421,38.72,26.661,9.78,10703.82,7.873,3.609,4.736
400,2012,11.011,33.896,,25.768,29.241,,4.449,37.304,26.398,9.243,10845.294,7.896,10.52,8.119
400,2013,8.515,32.467,,25.756,30.26,,2.894,35.309,26.145,8.594,11063.056,7.858,7.397,1.841
400,2014,4.702,29.992,,25.767,31.301,,3.367,32.767,27.313,6.572,11333.788,7.845,7.398,0.885
400,2015,-3.928,24.205,,35.411,31.0,,2.915,24.27,27.725,5.431,11484.086,7.802,0.864,5.937
400,2016,-4.151,22.348,,42.61,29.76,,4.33,23.677,27.025,5.341,11813.631,7.881,-1.679,3.305
400,2017,-0.997,23.756,,43.323,28.238,,2.609,26.135,26.966,6.968,12040.046,7.783,2.418,2.402
400,2018,2.861,26.864,,42.23,28.395,,2.73,28.601,26.018,9.604,12676.248,7.843,0.068,1.401
400,2019,0.401,26.749,,45.575,29.3,,1.86,26.958,26.707,7.422,12753.184,7.579,-0.11,-1.508
400,2020,-3.565,24.312,,56.1,32.031,,-2.199,22.122,25.67,10.331,12117.929,7.349,-15.673,-11.024
400,2021,3.376,25.535,,52.009,27.847,,4.356,27.805,24.707,11.939,13204.288,7.275,5.325,5.529
400,2022,8.416,28.444,,44.886,26.138,,5.48,32.788,25.036,13.355,14608.615,7.413,11.33,13.416
400,2023,3.747,27.716,,45.958,28.202,,2.055,29.563,26.467,15.578,15149.899,7.318,6.55,3.76
400,2024,1.748,26.57,,45.395,28.679,,2.428,28.053,26.566,14.629,16256.371,7.213,4.329,2.271
505,1980,,,,,,,6.847,24.244,29.039,,529.988,8.48,9.677,7.972
505,1981,,,,,,,5.773,24.171,29.071,11.462,602.353,8.789,13.612,-8.007
505,1982,,,,,,,5.023,24.289,28.361,8.627,658.512,9.178,1.947,-3.315
505,1983,,,,,,,6.918,24.062,28.095,9.074,718.09,9.563,6.605,7.473
505,1984,,,,,,,7.407,24.19,27.905,9.283,782.518,9.8,-3.734,9.861
505,1985,,,,,,,6.515,24.989,30.465,9.423,845.977,10.099,-3.661,-1.383
505,1986,,,,,,,6.133,24.647,28.906,11.572,898.188,10.375,-0.413,11.028
505,1987,,,,,,,7.087,26.207,29.368,11.653,964.626,10.707,12.777,5.998
505,1988,,,,,,,9.326,27.483,31.62,15.318,1070.837,11.206,7.711,15.563
505,1989,,,,,,,6.248,28.699,32.6,11.505,1160.023,11.486,17.661,14.505
505,1990,,,,,,,5.936,30.383,32.471,8.267,1252.18,11.712,17.086,8.15
505,1991,,,,,,,5.948,29.826,32.493,10.377,1346.63,12.12,7.37,13.252
505,1992,,,,,,,8.76,30.044,33.883,8.433,1471.219,11.812,10.281,11.574
505,1993,,,,,,,8.918,32.515,35.192,9.933,1612.01,12.613,10.268,9.911
505,1994,,,,,,,9.214,32.692,34.27,14.177,1768.468,13.382,20.266,15.509
505,1995,,14.567,,,15.962,,8.847,32.757,34.681,11.76,1934.495,14.049,20.287,14.445
505,1996,,14.415,,,15.623,,8.351,32.479,33.848,8.16,2100.932,14.664,6.429,3.724
505,1997,0.559,14.492,,,16.615,,6.029,32.596,32.857,4.718,2230.767,14.928,3.224,10.198
505,1998,2.705,13.888,,,17.314,,2.861,32.143,29.879,10.586,2250.519,14.943,-6.095,6.12
505,1999,2.065,14.637,,,18.648,,6.592,31.04,29.454,3.438,2398.745,15.382,2.764,0.702
505,2000,1.861,14.956,,43.672,18.924,,6.364,30.813,29.48,2.082,2575.57,15.564,19.881,18.677
505,2001,1.611,16.11,,44.126,20.447,,5.952,32.879,31.667,3.032,2753.208,16.091,3.096,3.18
505,2002,2.295,16.536,,44.752,21.068,,6.519,33.906,32.088,2.667,2939.821,16.677,12.694,14.429
505,2003,2.73,16.938,,44.96,20.918,,8.216,36.537,34.355,2.977,3204.71,17.409,18.202,18.796
505,2004,2.57,17.364,,43.86,20.298,,8.381,38.705,36.657,4.302,3524.506,17.942,20.581,21.908
505,2005,3.445,17.78,,42.06,20.147,,8.887,39.383,36.52,3.822,3911.45,18.667,13.24,17.214
505,2006,5.569,18.329,,39.265,20.193,,9.693,41.442,36.475,4.602,4372.848,19.456,12.816,18.716
505,2007,6.404,19.125,,40.642,20.237,,10.607,43.574,37.605,5.333,4911.685,20.437,12.905,14.762
505,2008,5.708,21.448,,36.797,23.05,,7.013,44.37,38.702,7.788,5299.644,21.263,7.085,7.084
505,2009,3.379,21.744,,41.627,25.071,,7.405,43.889,40.536,2.875,5666.242,22.972,-2.552,-9.009
505,2010,2.465,22.288,,40.328,24.446,,9.168,44.438,41.956,5.079,6197.943,23.856,19.252,22.882
505,2011,0.838,24.077,,39.463,25.676,,7.516,43.156,42.265,6.273,6727.617,24.706,12.49,10.759
505,2012,0.949,24.953,,39.473,26.604,,6.963,43.004,42.024,4.665,7251.295,25.609,5.836,3.961
505,2013,0.718,24.998,,41.133,26.855,,6.848,42.28,41.532,4.614,7799.802,26.49,6.479,6.868
505,2014,1.499,25.258,,43.114,27.001,,6.849,42.725,41.235,3.463,8392.603,27.361,6.194,4.671
505,2015,1.858,25.881,,44.614,29.017,,6.812,41.14,39.286,2.646,8964.591,28.283,0.677,-0.795
505,2016,1.286,25.624,,51.128,29.354,,6.812,39.951,38.66,2.777,9570.376,29.283,4.623,2.665
505,2017,0.916,25.757,,54.358,29.37,,6.628,40.103,39.19,2.443,10291.935,30.089,8.557,8.069
505,2018,-0.269,25.851,,55.704,30.025,,6.416,39.982,40.228,2.662,11156.575,30.917,7.333,4.689
505,2019,0.455,25.002,,58.856,30.643,,5.301,39.529,39.077,3.289,11998.491,31.625,-2.14,1.197
505,2020,1.538,23.16,,68.803,32.592,,-0.526,40.272,38.711,3.206,12170.136,32.372,-8.599,-4.991
505,2021,1.178,24.315,,70.128,30.614,,7.695,40.989,39.805,2.283,13594.508,32.542,13.189,17.225
505,2022,1.345,23.768,,73.606,30.855,,4.411,41.08,39.717,3.879,15127.73,32.829,2.286,2.629
505,2023,0.978,23.949,,78.692,30.478,,5.743,39.329,38.311,2.4,16488.176,33.616,2.036,1.164
505,2024,0.844,24.098,,82.753,30.935,,5.333,39.423,38.584,2.094,17681.257,34.329,6.364,6.422
510,1980,-1.418,,,,,,7.557,21.185,30.675,16.635,1498.945,2.932,8.456,8.304
510,1981,-4.032,,,,,,6.493,22.572,34.312,12.001,1710.172,3.059,13.645,-5.074
510,1982,-6.077,,,,,,3.85,20.236,33.647,7.815,1846.166,3.16,2.753,-3.193
510,1983,-7.066,,,,,,4.488,20.748,35.101,7.241,1963.197,3.219,6.575,7.5
510,1984,-3.196,,,,,,4.552,21.514,31.598,13.94,2076.665,3.211,-1.253,10.871
510,1985,-1.811,,,,,,1.323,21.48,31.008,6.861,2122.114,3.135,-6.422,-2.319
510,1986,-1.252,,,,,,5.189,21.132,29.724,2.92,2230.208,3.192,2.166,13.102
510,1987,-0.306,,,,,,6.974,23.445,30.778,5.3,2394.285,3.286,17.448,9.446
510,1988,-0.118,,,,,,8.954,24.85,32.026,6.521,2645.505,3.427,14.822,23.027
510,1989,-0.74,,,,,,9.418,27.252,35.333,6.25,2947.709,3.618,16.749,13.849
510,1990,-3.001,,,,,,8.798,29.747,37.935,7.309,3256.878,3.789,19.304,10.382
510,1991,-3.029,,,,,,7.453,28.545,38.449,8.954,3553.876,3.979,11.754,12.099
510,1992,-1.458,,,,,,6.678,28.811,36.528,6.158,3808.249,3.807,7.253,10.311
510,1993,-2.048,,,,,,7.893,29.233,33.771,6.559,4132.444,4.031,13.727,12.177
510,1994,-1.235,,,,,,7.724,30.441,34.367,7.19,4468.022,4.22,18.342,17.04
510,1995,-2.42,17.889,,,15.844,,7.908,31.034,35.444,6.989,4836.733,4.393,21.701,17.253
510,1996,-2.152,18.281,,,16.483,,7.318,30.876,35.145,6.481,5179.0,4.542,7.218,5.769
510,1997,-0.213,18.912,,,18.054,,3.654,31.773,34.118,5.262,5373.367,4.519,4.57,9.607
510,1998,10.259,18.09,,,19.96,,-8.682,32.406,23.534,29.161,4874.485,4.012,-14.13,0.762
510,1999,7.718,17.846,,,20.118,,3.107,26.701,20.367,9.928,5022.19,3.995,0.382,-0.516
510,2000,5.819,17.169,,66.792,18.872,,5.627,30.033,25.543,3.093,5370.953,4.014,22.483,15.511
510,2001,5.402,19.356,,65.227,21.362,,2.728,28.704,24.593,6.224,5552.378,4.025,-6.353,-4.092
510,2002,5.231,18.417,,62.312,20.814,,4.87,27.971,24.053,5.784,5823.658,4.109,5.016,5.949
510,2003,7.058,18.705,,59.592,19.785,,5.516,29.607,24.212,3.767,6174.696,4.183,7.338,8.979
510,2004,5.881,18.691,,57.561,19.153,,6.157,29.464,25.306,4.135,6631.919,4.224,18.683,16.335
510,2005,5.235,18.805,,52.983,18.488,,5.281,29.109,25.812,6.732,7096.489,4.251,12.516,9.595
510,2006,7.979,19.166,,46.992,18.727,,5.66,31.09,25.208,7.858,7621.456,4.271,7.233,9.032
510,2007,8.588,18.933,,46.579,18.653,,6.378,31.392,24.955,3.977,8213.465,4.319,5.575,4.161
510,2008,4.763,19.799,,43.944,19.711,,4.939,32.934,28.172,7.791,8656.274,4.408,8.15,1.774
510,2009,7.245,17.786,,46.431,20.055,,1.912,32.296,25.05,2.573,8748.701,4.52,-15.449,-8.662
510,2010,5.805,17.67,,44.751,18.493,,7.614,33.807,28.002,3.906,9396.437,4.626,17.179,13.967
510,2011,5.351,18.768,,43.511,18.531,,4.64,33.622,28.271,4.649,9875.271,4.663,8.484,8.665
510,2012,2.096,19.183,,44.97,19.481,,6.183,31.926,29.83,3.417,10539.176,4.799,5.253,0.598
510,2013,1.466,19.051,,45.061,19.478,,4.919,30.795,29.329,4.124,11093.47,4.874,3.389,2.935
510,2014,2.94,18.77,,45.097,19.183,,4.392,31.644,28.705,4.22,11630.815,4.918,1.632,3.304
510,2015,3.861,18.046,,46.508,19.016,,4.566,31.55,27.689,3.007,12131.094,4.977,1.035,2.81
510,2016,3.91,17.6,,46.593,18.556,,4.79,32.097,28.186,2.024,12672.432,5.055,1.708,2.17
510,2017,3.933,17.417,,47.137,18.096,,5.194,32.605,28.673,2.786,13421.067,5.125,9.052,8.055
510,2018,2.173,17.858,,48.376,18.518,,4.957,31.103,28.93,2.567,14313.148,5.193,8.182,5.539
510,2019,2.81,17.817,,50.133,18.535,,4.211,30.728,27.918,1.871,15044.748,5.201,-2.993,-0.909
510,2020,3.838,16.709,,61.594,22.337,,-4.421,29.554,25.716,0.915,14422.355,5.052,-9.255,-6.496
510,2021,3.023,16.873,,65.766,21.27,,4.066,30.249,27.226,1.996,15743.817,4.97,14.665,12.265
510,2022,2.576,17.454,,67.686,20.224,,5.448,29.378,26.802,4.794,17624.797,5.065,7.234,4.75
510,2023,3.082,17.812,,70.528,19.418,,3.989,28.876,25.794,3.504,18803.078,5.1,-1.377,1.768
510,2024,2.671,17.344,,71.747,19.124,,4.458,28.447,25.776,2.307,19922.121,5.165,7.172,5.084
603,1980,-1.155,,,,,,,17.911,26.444,,1305.681,2.59,,
603,1981,-3.884,,,,,,,15.628,28.16,,1433.863,2.618,,
603,1982,-3.125,,,,,,,12.581,23.912,,1487.214,2.619,,
603,1983,-1.69,,,,,,,13.144,19.639,,1499.891,2.553,,
603,1984,-1.507,,,,,,,13.848,19.805,,1561.968,2.53,,
603,1985,-0.134,,,,,,,14.048,18.826,,1578.124,2.47,,
603,1986,-1.026,,,,,,,13.568,18.48,,1609.285,2.461,,
603,1987,-0.067,,,,,,,14.072,17.561,,1645.021,2.433,,
603,1988,-1.484,,,,,,,13.85,18.954,,1718.086,2.418,,
603,1989,-1.239,,,,,,,14.477,23.341,,1777.895,2.394,,
603,1990,-0.212,,,,,,,17.332,18.626,,1785.243,2.943,,
603,1991,-1.277,,,,,,0.092,15.697,17.817,,1791.418,2.877,7.693,3.807
603,1992,-0.974,,,,,,-0.182,15.335,18.169,,1768.373,2.578,0.57,4.351
603,1993,-1.006,,,,,,1.545,13.615,16.526,,1782.151,2.565,2.739,3.588
603,1994,-1.444,,,,,,1.858,13.738,16.004,,1800.974,2.534,5.247,2.86
603,1995,-1.988,,,,,,3.853,13.804,16.402,,1858.451,2.537,14.175,10.906
603,1996,0.149,,,,,,4.755,14.949,16.838,42.535,1928.935,2.557,3.26,8.228
603,1997,-1.315,,,,,,3.418,16.818,17.638,17.975,1969.661,2.536,8.738,5.06
603,1998,-2.743,,,,,,2.378,15.977,18.788,10.014,2002.586,2.602,9.027,2.466
603,1999,-1.859,,,,,,2.309,14.802,17.218,14.699,2023.352,2.57,-2.96,2.54
603,2000,1.119,20.293,,62.429,20.534,,3.844,17.974,17.097,18.086,2079.957,2.538,-2.322,6.533
603,2001,-0.798,20.578,,59.277,22.152,,4.631,16.317,17.521,15.093,2163.43,2.587,9.044,1.843
603,2002,-0.855,18.737,,52.649,19.644,,6.207,17.482,18.69,11.16,2264.33,2.665,6.407,4.086
603,2003,-0.406,19.273,,47.631,21.031,,4.736,18.006,18.644,11.827,2350.748,2.688,8.563,6.37
603,2004,1.078,20.518,,43.106,20.118,,6.936,20.156,19.24,9.567,2508.232,2.728,7.749,7.278
603,2005,3.602,21.971,,35.682,20.606,,6.3,22.25,18.965,9.604,2675.563,2.77,14.437,6.552
603,2006,3.54,23.818,,27.186,19.336,,6.022,23.101,19.575,7.583,2844.614,2.791,10.997,3.7
603,2007,1.378,21.72,,23.681,21.235,,6.591,22.394,21.112,5.313,3026.332,2.826,15.474,7.367
603,2008,0.282,22.76,,23.117,21.628,,5.622,22.227,21.966,12.972,3163.252,2.9,11.777,1.736
603,2009,-2.206,18.379,,26.307,22.567,,3.63,20.486,22.663,9.696,3203.935,3.02,-3.399,-3.233
603,2010,-0.778,19.569,,25.37,22.813,,6.967,20.706,21.504,7.905,3368.301,3.069,8.366,5.363
603,2011,-0.623,21.726,,27.535,22.826,,5.022,19.916,20.483,9.471,3478.494,3.114,8.803,-0.089
603,2012,-1.709,20.797,,27.477,22.451,,5.009,19.661,21.191,8.904,3613.431,3.164,4.291,2.151
603,2013,-2.158,19.181,,29.533,22.181,,4.863,19.138,21.22,6.463,3746.534,3.209,4.357,3.275
603,2014,-3.493,18.412,,31.446,21.813,,4.953,18.5,21.963,6.178,3890.907,3.254,7.434,0.885
603,2015,-5.528,16.478,,37.113,20.565,,3.215,17.065,22.293,6.56,3942.704,3.248,2.662,3.067
603,2016,-3.483,15.629,,41.76,19.917,,1.508,18.108,21.225,10.013,3928.656,3.192,-8.466,-0.367
603,2017,-1.985,16.527,,43.72,20.907,,2.96,19.526,21.291,10.571,4004.554,3.164,1.146,2.751
603,2018,-1.984,17.201,,46.558,20.647,,3.301,20.018,21.625,8.4,4086.227,3.116,5.499,2.321
603,2019,-3.023,16.624,,48.977,20.586,,3.209,20.066,23.015,8.678,4270.636,3.156,6.905,2.044
603,2020,-2.641,15.477,,56.255,21.924,,-1.559,20.267,22.816,11.2,4230.127,3.206,-8.716,-10.432
603,2021,-0.934,16.835,,55.618,21.704,,4.798,22.029,22.814,11.554,4558.02,3.171,1.214,3.0
603,2022,-2.158,17.474,,56.45,21.862,,4.115,19.984,21.761,15.184,4953.468,3.191,7.446,5.199
603,2023,-2.653,17.306,,59.853,21.389,,3.567,19.461,21.988,17.576,5178.623,3.199,0.359,2.516
603,2024,-3.202,18.881,,59.727,22.867,,3.57,18.969,21.776,18.079,5350.927,3.211,5.529,3.458
903,1980,-3.452,,,,,,-0.842,24.23,,28.945,4541.08,,,
903,1981,-2.914,,,,,,-0.563,22.744,,16.991,4862.634,,,
903,1982,-0.809,,,,,,1.386,23.909,,36.371,5163.348,,,
903,1983,-0.911,,,,,,4.578,21.976,,16.965,5534.621,,,
903,1984,-0.095,,,,,,4.115,21.16,26.268,32.107,5896.595,,,
903,1985,-0.447,,,,,,2.422,23.009,27.166,17.876,6159.985,,,
903,1986,-1.199,,,,,,4.344,23.257,27.781,16.12,6486.731,,,
903,1987,-0.17,,,,,,5.016,23.67,27.7,20.119,6904.047,,,
903,1988,1.251,,,,,,1.635,24.594,28.155,39.676,7203.096,,10.192,
903,1989,0.171,,,,,,0.109,23.154,26.301,68.794,7426.035,,3.947,
903,1990,-0.756,,,,,,-0.399,23.387,25.782,131.512,7557.31,,14.067,
903,1991,-1.114,,,,,,-5.665,20.467,22.461,89.174,7291.569,,-7.882,-2.493
903,1992,-1.76,,,,,,-8.774,22.499,17.357,653.202,8883.018,9.624,8.367,7.132
903,1993,-2.776,,,,,,-4.587,22.118,14.967,528.179,8610.625,8.961,12.565,4.07
903,1994,0.623,,,,,,-8.744,18.43,18.56,226.783,7953.833,7.885,-2.938,6.603
903,1995,0.06,,,,,,-0.489,20.442,21.331,135.576,8043.36,7.539,11.912,10.859
903,1996,-0.18,,,,,,0.433,20.288,20.722,51.336,8128.599,7.285,10.273,5.191
903,1997,-1.503,,,,,,2.535,18.608,20.586,40.252,8458.506,7.271,22.973,10.282
903,1998,-1.599,,,,,,-0.798,18.411,19.809,35.608,8461.691,7.013,10.341,9.018
903,1999,0.5,,,,,,2.599,20.47,19.616,56.122,8749.156,6.939,-11.172,-6.967
903,2000,2.21,34.491,,50.979,37.291,,7.453,24.059,21.345,28.723,9604.57,7.116,16.757,14.708
903,2001,2.68,35.432,,50.528,38.581,,2.816,23.438,20.336,24.791,10093.376,7.129,0.421,5.145
903,2002,1.503,34.885,,47.917,39.177,,4.791,22.251,19.917,17.43,10768.308,7.271,12.228,8.101
903,2003,0.625,34.757,,43.897,37.958,,6.211,22.007,20.775,12.776,11679.214,7.45,13.046,11.344
903,2004,0.783,34.524,,37.21,35.415,,7.935,22.98,22.04,9.194,12950.962,7.646,15.267,12.47
903,2005,1.504,36.347,,32.06,34.717,,6.167,23.798,22.035,9.79,14190.587,7.758,9.701,7.1
903,2006,0.378,37.017,,26.754,34.829,,7.412,24.11,23.507,8.079,15718.661,7.924,17.267,9.415
903,2007,-1.876,36.966,,23.345,35.605,,7.221,23.745,25.452,8.067,17303.083,8.075,21.423,8.755
903,2008,-1.49,36.728,,23.497,36.366,,4.316,24.853,26.142,12.306,18388.38,8.192,10.788,4.839
903,2009,-0.274,34.413,,28.856,40.247,,-5.837,20.328,20.4,8.893,17356.653,7.749,-22.222,-7.054
903,2010,-0.838,34.267,,28.523,38.317,,4.419,22.073,22.733,6.593,18298.632,7.693,17.542,8.939
903,2011,-0.916,35.3,,27.246,35.931,,5.597,24.734,25.46,7.896,19673.001,7.824,13.281,5.286
903,2012,-0.544,35.326,,26.02,36.394,,3.114,24.243,24.765,6.185,20607.304,7.816,2.478,2.985
903,2013,-1.169,34.809,,26.99,36.652,,2.918,22.891,24.17,5.516,21487.711,7.782,2.797,3.811
903,2014,-0.143,34.744,,29.227,36.427,,1.916,23.449,23.727,6.587,22202.567,7.662,-1.012,2.519
903,2015,1.113,34.172,,30.991,36.433,,0.934,24.711,23.715,10.85,22510.049,7.471,-7.568,3.651
903,2016,-0.179,34.221,,31.794,36.805,,1.723,23.598,23.878,5.633,23046.0,7.365,3.476,3.892
903,2017,-0.553,34.164,,29.857,35.783,,4.181,23.979,24.63,5.616,24371.311,7.39,12.024,7.851
903,2018,1.785,35.664,,29.515,35.406,,3.596,25.672,23.771,6.294,26106.135,7.458,3.471,6.041
903,2019,1.38,35.668,,29.023,36.361,,2.488,24.292,22.962,6.477,28165.433,7.607,3.066,2.29
903,2020,0.078,35.295,,37.677,40.599,,-1.77,24.002,23.886,5.135,28783.01,7.784,-4.339,-5.606
903,2021,1.639,35.226,,34.938,36.847,,7.097,26.158,24.493,9.003,33612.013,8.108,12.187,11.731
903,2022,2.711,34.385,,32.606,36.93,,0.627,28.187,25.436,25.198,36744.987,7.838,1.484,0.879
903,2023,-0.479,35.095,,34.575,39.493,,3.331,24.466,24.785,17.08,39451.096,7.843,6.009,-3.484
903,2024,-0.285,35.761,,35.137,40.13,,3.18,23.087,23.389,16.872,41776.18,7.846,2.614,2.922
998,1980,-2.222,,,,,,1.796,23.104,27.517,11.999,9758.207,27.695,,
998,1981,-1.93,,,,,,-0.197,21.143,24.938,12.138,10603.102,27.069,,
998,1982,-1.201,,,,,,0.621,20.931,24.361,14.561,11287.865,27.091,,
998,1983,-0.186,,,,,,1.746,21.036,23.68,9.24,11898.476,26.876,,
998,1984,0.346,,,,,,2.555,21.533,23.878,9.934,12617.953,26.376,,
998,1985,0.37,,,,,,2.237,21.602,23.727,6.162,13279.927,26.029,,
998,1986,1.28,,,,,,2.688,22.476,23.411,4.147,13876.944,25.883,,
998,1987,0.847,,,,,,2.612,21.988,23.534,4.033,14556.64,25.56,,
998,1988,0.912,,,,,,3.846,23.104,24.457,5.901,15600.594,25.421,,
998,1989,0.562,,,,,,3.639,23.536,25.11,15.388,16730.65,25.42,,
998,1990,-0.049,,,,,,2.751,23.117,25.31,30.02,17698.695,25.125,,
998,1991,-1.322,45.548,,,50.321,,1.553,22.434,24.231,14.763,18457.969,24.914,,
998,1992,-1.093,46.37,,,51.568,,1.04,21.588,23.159,11.409,18760.687,22.834,,
998,1993,0.04,46.896,,,52.816,,-0.584,20.992,21.297,11.767,18844.419,22.433,,
998,1994,0.081,46.67,,,51.793,,2.719,21.577,21.721,8.371,19738.249,22.398,,
998,1995,0.442,46.173,,70.198,53.389,,2.907,22.501,22.266,5.51,20476.204,22.723,,
998,1996,0.706,46.644,,72.447,50.934,,2.083,22.256,21.703,5.409,21256.465,22.347,,
998,1997,1.135,46.532,,71.854,49.572,,2.666,22.945,21.855,12.595,22161.807,22.035,,
998,1998,0.604,46.192,,70.351,48.608,,2.953,23.159,22.618,3.395,23049.085,22.099,,
998,1999,0.368,46.671,,69.238,48.176,,2.928,23.128,22.803,2.527,24019.748,21.973,,
998,2000,-0.68,46.084,,66.304,47.295,,3.962,22.706,23.424,3.616,25500.997,21.733,,
998,2001,-0.081,45.338,,65.303,47.287,,2.244,22.741,22.869,3.397,26617.854,21.691,,
998,2002,0.485,44.873,,65.282,47.66,,1.255,22.38,21.835,2.775,27308.912,21.377,,
998,2003,0.329,44.863,,66.519,48.007,,1.152,22.13,21.748,2.385,28071.079,20.859,,
998,2004,0.966,44.555,,66.587,47.296,,2.751,22.924,22.0,2.527,29506.553,20.381,,
998,2005,0.397,44.762,,66.791,47.153,,2.165,22.608,22.233,2.372,30963.053,19.903,,
998,2006,0.322,45.048,,64.525,46.474,,3.77,23.617,23.298,2.35,33007.17,19.636,,
998,2007,-0.053,45.137,,61.918,45.71,,3.342,24.136,24.19,2.394,34902.426,19.287,,
998,2008,-0.773,44.795,,65.14,46.859,,0.868,22.985,23.761,3.734,35766.348,18.921,,
998,2009,0.438,44.718,,75.121,50.729,,-4.182,20.826,20.381,0.787,34376.025,18.243,,
998,2010,0.574,44.584,,80.048,50.585,,2.035,21.509,20.936,1.79,35440.349,17.704,,
998,2011,0.788,45.122,,82.058,49.175,,1.988,22.318,21.517,2.847,36803.305,17.391,,
998,2012,1.775,46.138,,86.094,49.784,,-0.68,21.855,20.082,2.615,37162.199,16.734,,
998,2013,2.68,46.743,,88.275,49.676,,-0.017,22.334,19.665,1.4,37734.814,16.198,,
998,2014,2.87,46.682,,88.488,49.137,,1.722,22.952,20.085,0.401,38994.832,15.927,,
998,2015,3.146,46.296,,86.414,48.171,,2.542,23.661,20.517,0.106,40229.068,15.793,,
998,2016,3.364,46.065,,85.618,47.422,,1.975,24.022,20.665,0.149,41323.271,15.611,,
998,2017,3.199,46.0,,83.098,46.875,,3.021,24.396,21.2,1.59,43257.86,15.495,,
998,2018,3.017,46.19,,81.082,46.593,,2.237,24.827,21.812,1.865,45254.323,15.266,,
998,2019,2.942,46.055,,78.881,46.541,,2.012,25.418,22.478,1.442,48782.405,15.561,,
998,2020,2.49,46.144,,91.172,52.839,,-5.561,24.605,22.117,0.681,47665.022,15.26,,
998,2021,3.342,46.471,,88.244,51.087,,6.422,26.402,23.058,2.888,52766.089,15.073,,
998,2022,1.004,45.943,,83.917,49.143,,3.651,25.429,24.422,9.326,58482.155,15.097,,
998,2023,2.755,45.403,,82.139,48.874,,0.563,25.379,22.623,6.278,60687.995,14.702,,
998,2024,3.341,45.657,,82.743,48.801,,1.121,24.73,21.389,2.56,62659.606,14.414,,
